{"cameraMode":{"drawMode":0,"name":"Shaded","section":"Shading Mode"},"sceneLighting":false,"audioPlay":false,"sceneViewState":{"showFog":true,"showMaterialUpdate":false,"showSkybox":true,"showFlares":true,"showImageEffects":true,"showParticleSystems":true},"in2DMode":false,"pivot":{"x":1.6181344985961915,"y":0.5000076293945313,"z":-8.730250358581543},"rotation":{"x":0.38153642416000368,"y":-0.21196171641349793,"z":0.09034068882465363,"w":0.8951764106750488},"size":2.8578836917877199,"orthographic":false}