{"cameraMode":{"drawMode":0,"name":"Shaded","section":"Shading Mode"},"sceneLighting":true,"audioPlay":false,"sceneViewState":{"showFog":true,"showMaterialUpdate":false,"showSkybox":true,"showFlares":true,"showImageEffects":true,"showParticleSystems":true},"in2DMode":false,"pivot":{"x":76.79630279541016,"y":49.01673889160156,"z":-53.249725341796878},"rotation":{"x":0.2662164270877838,"y":-0.6427980661392212,"z":0.25480422377586367,"w":0.671585202217102},"size":268.91082763671877,"orthographic":false}