{"cameraMode":{"drawMode":0,"name":"Shaded","section":"Shading Mode"},"sceneLighting":true,"audioPlay":false,"sceneViewState":{"showFog":true,"showMaterialUpdate":false,"showSkybox":true,"showFlares":true,"showImageEffects":true,"showParticleSystems":true},"in2DMode":false,"pivot":{"x":114.96653747558594,"y":155.80303955078126,"z":-230.00743103027345},"rotation":{"x":0.021411122754216195,"y":-0.9775072932243347,"z":-0.16991209983825684,"w":-0.12321500480175019},"size":183.4554901123047,"orthographic":false}