{"cameraMode":{"drawMode":0,"name":"Shaded","section":"Shading Mode"},"sceneLighting":false,"audioPlay":false,"sceneViewState":{"showFog":true,"showMaterialUpdate":false,"showSkybox":true,"showFlares":true,"showImageEffects":true,"showParticleSystems":true},"in2DMode":false,"pivot":{"x":0.13540935516357423,"y":14.984696388244629,"z":-272.3135986328125},"rotation":{"x":0.18420541286468507,"y":0.6763774752616882,"z":-0.1805897206068039,"w":0.6899743676185608},"size":68.16292572021485,"orthographic":false}