{"cameraMode":{"drawMode":0,"name":"Shaded","section":"Shading Mode"},"sceneLighting":true,"audioPlay":false,"sceneViewState":{"showFog":true,"showMaterialUpdate":false,"showSkybox":true,"showFlares":true,"showImageEffects":true,"showParticleSystems":true},"in2DMode":false,"pivot":{"x":156.87725830078126,"y":61.06041717529297,"z":-87.72823333740235},"rotation":{"x":0.14166121184825898,"y":-0.8506804704666138,"z":0.2908070385456085,"w":0.41438955068588259},"size":406.63409423828127,"orthographic":false}