{"cameraMode":{"drawMode":0,"name":"Shaded","section":"Shading Mode"},"sceneLighting":false,"audioPlay":false,"sceneViewState":{"showFog":true,"showMaterialUpdate":false,"showSkybox":true,"showFlares":true,"showImageEffects":true,"showParticleSystems":true},"in2DMode":false,"pivot":{"x":156.10000610351563,"y":140.49037170410157,"z":-101.98602294921875},"rotation":{"x":-0.009722158312797547,"y":-0.9902390837669373,"z":0.0927564725279808,"w":-0.10374552011489868},"size":738.9204711914063,"orthographic":false}