{"cameraMode":{"drawMode":0,"name":"Shaded","section":"Shading Mode"},"sceneLighting":false,"audioPlay":false,"sceneViewState":{"showFog":true,"showMaterialUpdate":false,"showSkybox":true,"showFlares":true,"showImageEffects":true,"showParticleSystems":true},"in2DMode":false,"pivot":{"x":0.07000732421875,"y":-0.06000000238418579,"z":-10.0},"rotation":{"x":0.5759612321853638,"y":-0.03430929780006409,"z":0.024204032495617868,"w":0.816403329372406},"size":1429.0382080078125,"orthographic":false}