{"cameraMode":{"drawMode":0,"name":"Shaded","section":"Shading Mode"},"sceneLighting":false,"audioPlay":false,"sceneViewState":{"showFog":true,"showMaterialUpdate":false,"showSkybox":true,"showFlares":true,"showImageEffects":true,"showParticleSystems":true},"in2DMode":false,"pivot":{"x":-0.10000038146972656,"y":27.934696197509767,"z":-269.39361572265627},"rotation":{"x":0.18420541286468507,"y":0.6763774752616882,"z":-0.1805897206068039,"w":0.6899743676185608},"size":112.83891296386719,"orthographic":false}