{"cameraMode":{"drawMode":0,"name":"Shaded","section":"Shading Mode"},"sceneLighting":true,"audioPlay":false,"sceneViewState":{"showFog":true,"showMaterialUpdate":false,"showSkybox":true,"showFlares":true,"showImageEffects":true,"showParticleSystems":true},"in2DMode":false,"pivot":{"x":-14.542491912841797,"y":4.414705276489258,"z":-14.661205291748047},"rotation":{"x":-0.23115260899066926,"y":-0.4879406988620758,"z":0.13577929139137269,"w":-0.8307010531425476},"size":34.34474563598633,"orthographic":false}